Date,Total_Sales,MA_7,MA_30
2014-01-03,16.448,,
2014-01-04,288.06,,
2014-01-05,19.536,,
2014-01-06,4407.1,,
2014-01-07,87.15799999999999,,
2014-01-09,40.544,,
2014-01-10,54.83,701.9537142857143,
2014-01-11,9.94,701.024,
2014-01-13,3553.795,1167.5575714285715,
2014-01-14,61.96,1173.618142857143,
2014-01-15,149.95,565.4538571428571,
2014-01-16,299.964,595.8547142857143,
2014-01-18,64.864,599.3290000000001,
2014-01-19,378.594,645.5810000000001,
2014-01-20,2673.87,1026.1424285714286,
2014-01-21,25.248,522.0642857142857,
2014-01-23,46.019999999999996,519.7871428571428,
2014-01-26,1097.25,655.1157142857143,
2014-01-27,426.67,673.2165714285713,
2014-01-28,3.928,664.5114285714286,
2014-01-30,240.5,644.7837142857143,
2014-01-31,290.666,304.326,
2014-02-01,468.9,367.7048571428572,
2014-02-02,211.64600000000002,391.36571428571426,
2014-02-03,97.11200000000001,248.48885714285714,
2014-02-04,134.38400000000001,206.73371428571429,
2014-02-06,330.512,253.38857142857142,
2014-02-07,180.32,244.79142857142855,
2014-02-08,14.56,205.3477142857143,
2014-02-11,2043.4,430.27628571428573,590.5909666666666
2014-02-12,129.568,418.5508571428572,594.3616333333334
2014-02-14,576.726,487.06714285714287,603.9838333333333
2014-02-15,21.36,470.9208571428572,604.0446333333333
2014-02-16,9.04,424.99628571428576,457.44263333333333
2014-02-17,54.208,406.98028571428574,456.34430000000003
2014-02-18,37.784,410.29800000000006,456.25230000000005
2014-02-20,95.59,132.03942857142857,457.61096666666674
2014-02-21,8.85,114.794,457.5746333333334
2014-02-22,19.44,35.181714285714285,339.7628
2014-02-23,11.364,33.75371428571428,338.07626666666664
2014-02-24,55.672,40.41542857142857,334.9336666666667
2014-02-27,19.456,35.45085714285714,325.58340000000004
2014-03-01,2203.151,344.78899999999993,396.8596333333333
2014-03-02,202.384,360.0452857142856,390.9859666666667
2014-03-03,1345.8919999999998,551.0512857142857,346.7200333333333
2014-03-04,370.452,601.195857142857,358.2268333333333
2014-03-05,705.562,700.367,380.21156666666667
2014-03-07,1561.062,915.4227142857142,395.67196666666666
2014-03-10,741.956,1018.6369999999998,406.18149999999997
2014-03-11,918.314,835.088857142857,436.66103333333325
2014-03-14,2108.55,1107.3982857142857,498.9293666666666
2014-03-15,370.78200000000004,968.0968571428573,501.5999
2014-03-16,471.92,982.5922857142858,501.70056666666665
2014-03-17,3960.358,1447.563142857143,626.6576333333334
2014-03-18,28106.716,5239.799428571429,1560.3111
2014-03-19,590.762,5218.200285714286,1575.5237000000002
2014-03-21,4109.816,5674.129142857143,1701.5004999999999
2014-03-22,464.09299999999996,5439.206714285714,1710.9596
2014-03-23,945.064,5521.247,1741.9764
2014-03-24,65.38,5463.169857142858,1676.0423999999998
2014-03-25,459.146,4962.996714285715,1687.0283333333332
2014-03-26,145.13,968.4844285714286,1672.6417999999999
2014-03-28,1823.8039999999999,1144.6332857142856,1732.7232666666666
2014-03-29,890.841,684.7797142857142,1762.1166333333335
2014-03-30,1170.3220000000001,785.6695714285714,1799.3204333333333
2014-03-31,1959.552,930.5964285714284,1863.3793666666666
2014-04-01,119.88799999999999,938.3832857142855,1864.1893000000002
2014-04-02,1458.558,1081.1564285714285,1912.5129000000002
2014-04-03,233.45,1093.7735714285714,1919.6465666666666
2014-04-04,475.844,901.207857142857,1935.1292333333333
2014-04-05,5295.098000000001,1530.3874285714285,2109.776766666667
2014-04-06,1650.69,1599.0114285714285,2164.1512333333335
2014-04-07,1021.1700000000001,1464.9568571428572,2124.7518666666665
2014-04-08,1958.75,1727.6514285714286,2183.2974
2014-04-11,1915.24,1792.8917142857142,2202.275666666667
2014-04-12,1912.123,2032.702142857143,2253.6647
2014-04-13,638.576,2055.9495714285717,2251.4318333333335
2014-04-15,294.71999999999997,1341.609857142857,2209.2204333333334
2014-04-16,39.072,1111.3787142857143,2185.7909666666665
2014-04-18,1020.532,1111.2875714285715,2189.1982333333335
2014-04-19,205.47,860.8190000000001,2125.7622333333334
2014-04-20,1250.45,765.849,2155.0845
2014-04-21,845.36,613.4542857142858,2167.5325
2014-04-22,257.752,559.0508571428571,2044.1123
2014-04-23,643.98,608.9451428571429,1128.6877666666667
2014-04-25,2379.9939999999997,943.3625714285714,1188.3288333333333
2014-04-26,282.568,837.9391428571428,1060.7539
2014-04-28,2578.476,1176.94,1131.2333333333333
2014-04-29,768.8439999999999,1108.1391428571428,1125.3593333333333
2014-04-30,1048.74,1137.1934285714285,1158.138
2014-05-02,506.12,1172.6745714285714,1159.7037999999998
2014-05-03,72.632,1091.0534285714286,1157.2872
2014-05-04,187.43200000000002,777.8302857142857,1102.7414666666668
2014-05-05,260.977,774.7458571428571,1081.7459999999999
2014-05-06,254.456,442.743,1051.2171333333333
2014-05-07,1091.35,488.8152857142856,1022.2770666666667
2014-05-08,1799.97,596.1338571428571,1078.2798
2014-05-09,394.48,580.1852857142857,1042.8105333333333
2014-05-10,2343.799,904.6377142857143,1113.1555
2014-05-11,1642.802,1112.5477142857142,1152.0541
2014-05-12,734.846,1180.2432857142855,1000.0457
2014-05-13,898.382,1272.2327142857143,974.9687666666667
2014-05-14,310.88,1160.7369999999999,951.2924333333333
2014-05-16,289.28,944.9241428571429,895.6434333333333
2014-05-17,91.68,901.667,834.8581
2014-05-18,948.9480000000001,702.4025714285715,802.7522666666666
2014-05-19,91.62,480.8051428571429,784.5204
2014-05-20,320.10400000000004,421.5562857142857,785.3665333333333
2014-05-21,4264.3279999999995,902.4057142857143,926.2084
2014-05-22,180.93,883.8414285714287,898.2216666666666
2014-05-23,323.75800000000004,888.7668571428572,902.1646
2014-05-24,116.28,892.2811428571429,864.3589333333332
2014-05-25,119.53999999999999,773.7942857142856,840.1649333333332
2014-05-26,1325.718,950.0939999999999,875.7638000000001
2014-05-27,2157.394,1212.564,926.2109333333333
2014-05-28,221.96800000000002,635.084,854.2767333333334
2014-05-30,1924.913,884.2244285714286,909.0215666666666
2014-05-31,773.7,948.5018571428571,848.8623666666666
2014-06-01,5188.5199999999995,1673.1075714285714,996.1849
2014-06-02,738.598,1761.5444285714282,985.8468333333333
2014-06-03,741.336,1678.0612857142858,993.6873666666667
2014-06-04,456.272,1435.043857142857,1006.4753666666667
2014-06-06,1374.0010000000002,1599.6199999999997,1046.0276666666666
2014-06-07,281.397,1364.832,1046.7083333333333
2014-06-08,2501.264,1611.626857142857,1121.6019333333331
2014-06-09,5463.008,1650.8394285714287,1267.3238666666666
2014-06-10,491.55,1615.546857142857,1223.7098666666668
2014-06-13,14.52,1511.7160000000001,1211.0445333333332
2014-06-14,212.94,1476.9542857142858,1140.0158999999999
2014-06-15,942.9739999999999,1415.3790000000001,1116.6883
2014-06-16,763.792,1484.2925714285716,1117.6531666666667
2014-06-17,3418.5020000000004,1615.3265714285715,1201.6571666666666
2014-06-18,139.8,854.8682857142858,1195.9545
2014-06-20,1828.9496,1045.9253714285715,1247.27682
2014-06-21,4107.443,1630.6286571428573,1381.1355866666668
2014-06-22,1975.498,1882.4226571428571,1415.35392
2014-06-23,109.49600000000001,1763.3543714285715,1415.9497866666668
2014-06-24,4.272,1654.8515142857143,1405.4220533333332
2014-06-25,792.76,1279.7455142857143,1289.70312
2014-06-27,616.14,1347.7940857142858,1304.21012
2014-06-28,1645.791,1321.6285714285714,1348.2778866666667
2014-06-29,46.68,741.5195714285713,1345.9578866666668
2014-06-30,739.624,564.9661428571428,1366.6273533333333
2014-07-01,601.0239999999999,635.1844285714285,1342.4708866666665
2014-07-02,79.56,645.9398571428571,1273.2097533333333
2014-07-04,247.40800000000002,568.0324285714285,1274.0577533333333
2014-07-05,1444.104,686.313,1258.0307866666665
2014-07-06,1038.472,599.5531428571428,1266.85652
2014-07-07,241.19400000000002,627.3408571428571,1101.9456533333334
2014-07-08,763.0740000000001,630.690857142857,1102.76152
2014-07-09,265.521,582.7618571428571,1086.90102
2014-07-11,2187.206,883.8541428571428,1144.59882
2014-07-12,1960.012,1128.511857142857,1164.1325199999999
2014-07-13,351.216,972.3850000000001,1166.45982
2014-07-14,292.594,865.831,1092.8374866666666
2014-07-15,9.51,832.7332857142858,911.05422
2014-07-18,273.04,762.7284285714287,903.7705533333334
2014-07-19,461.326,790.7005714285715,918.6640866666668
2014-07-20,2285.786,804.7834285714287,987.7589533333335
2014-07-21,1961.482,804.9934285714286,1021.7092200000001
2014-07-22,1348.344,947.4402857142858,1041.1942866666666
2014-07-23,2613.1839999999997,1278.9531428571427,1014.3503533333333
2014-07-25,8341.289999999999,2469.2074285714284,1287.7333533333333
2014-07-26,5039.994,3150.200857142857,1394.7681666666665
2014-07-27,580.06,3167.162857142857,1277.1887333333332
2014-07-28,193.152,2868.215142857143,1217.7772
2014-07-30,1367.84,2783.4091428571433,1259.722
2014-08-01,228.328,2623.406857142857,1267.1905333333332
2014-08-02,886.28,2376.7062857142855,1270.3078666666665
2014-08-03,477.994,1253.3782857142858,1265.7030000000002
2014-08-04,2743.154,925.258285714286,1302.2817666666665
2014-08-05,2408.7239999999997,1186.4960000000003,1381.0165666666664
2014-08-06,262.89,1196.4585714285718,1365.1254333333334
2014-08-08,3955.629,1566.1427142857144,1476.9456
2014-08-09,3605.6850000000004,2048.622285714286,1594.4831
2014-08-11,451.62,1986.5280000000002,1601.2901666666667
2014-08-12,1832.38,2180.011714285715,1614.2327
2014-08-15,842.7819999999999,1908.5300000000004,1607.7096999999999
2014-08-16,853.092,1686.2968571428576,1628.1063
2014-08-17,500.342,1720.2185714285715,1619.3485666666666
2014-08-19,1439.106,1360.715285714286,1658.4680666666666
2014-08-20,1838.722,1108.2920000000001,1646.8519333333331
2014-08-22,23.104,1047.0754285714288,1582.2883333333332
2014-08-23,565.224,866.0531428571431,1589.4219333333333
2014-08-24,59.74,754.1900000000003,1581.6601333333333
2014-08-25,1451.6499999999999,839.6982857142859,1629.7314666666666
2014-08-26,366.81,820.622285714286,1632.8571333333332
2014-08-27,2070.13,910.7685714285716,1686.4839333333334
2014-08-29,832.3225,766.9972142857144,1638.03515
2014-08-30,121.24,781.016642857143,1576.69375
2014-08-31,92.52,713.4875000000002,1534.83295
2014-09-01,469.436,772.0155000000002,1463.3746833333332
2014-09-02,3254.15,1029.5155000000002,1293.80335
2014-09-03,22.08,980.2683571428573,1126.53955
2014-09-05,296.304,726.864642857143,1117.0810166666668
2014-09-06,100.36,622.2985714285717,1113.98795
2014-09-07,3523.875,1108.389285714286,1185.8557833333332
2014-09-08,14228.428,3127.8047142857145,1652.5257833333333
2014-09-09,4043.5879999999997,3638.397857142857,1757.7693833333333
2014-09-10,1855.2279999999998,3438.5518571428574,1803.6771833333332
2014-09-11,127.95,3453.676142857143,1716.5037166666666
2014-09-12,4904.66,4112.0127142857145,1799.7015833333332
2014-09-13,1275.408,4279.876714285714,1833.4521833333333
2014-09-14,5023.716,4494.139714285714,1869.0550833333334
2014-09-15,133.436,2480.5694285714294,1753.31345
2014-09-16,33.552,1907.707142857143,1739.37785
2014-09-17,820.523,1759.8921428571432,1705.6492833333332
2014-09-19,9338.637,3075.7045714285714,1988.84445
2014-09-20,5335.968000000001,3137.3200000000006,2138.27365
2014-09-21,2679.652,3337.926285714286,2210.9173166666665
2014-09-22,1240.266,2797.433428571429,2204.2893166666668
2014-09-23,10662.337000000001,4301.562142857144,2498.4098166666668
2014-09-24,211.96,4327.049000000001,2504.705016666667
2014-09-25,354.88880000000006,4260.52982857143,2497.6938433333335
2014-09-26,1480.614,3137.955114285715,2545.0563100000004
2014-09-27,773.4399999999999,2486.165400000001,2522.4493099999995
2014-09-28,490.29200000000003,2173.399685714286,2526.5653766666665
2014-09-29,8109.07,3154.6574000000005,2727.8633766666667
2014-09-30,987.532,1772.5424000000003,2733.0370266666664
2014-10-01,4.71,1742.9352571428574,2729.152693333333
2014-10-02,598.144,1777.6860000000001,2746.0068266666667
2014-10-03,862.683,1689.4101428571432,2759.1150600000005
2014-10-04,728.7479999999999,1683.0255714285718,2674.9349933333333
2014-10-05,191.9,1640.398142857143,2680.5956600000004
2014-10-06,494.71,552.6324285714288,2687.2091933333336
2014-10-07,237.35999999999999,445.4650000000002,2691.77586
2014-10-08,147.392,465.8481428571431,2579.226426666667
2014-10-09,249.35999999999999,416.0218571428574,2113.2574933333335
2014-10-10,2049.386,585.5508571428574,2046.7840933333332
2014-10-11,1381.164,678.7531428571431,2030.9819600000003
2014-10-12,58.53,659.700285714286,2028.66796
2014-10-13,2212.182,905.0534285714288,1938.9186933333335
2014-10-14,4525.484,1517.6425714285717,2047.25456
2014-10-15,206.72400000000002,1526.1185714285716,1886.6881600000002
2014-10-16,194.322,1518.256,1888.7176933333333
2014-10-17,136.068,1244.9248571428575,1892.1348933333334
2014-10-18,3134.916,1495.4608571428575,1969.2813266666667
2014-10-19,641.104,1578.6857142857145,1679.3635600000002
2014-10-20,1501.104,1477.103142857143,1551.53476
2014-10-21,1356.602,1024.4057142857146,1507.4330933333335
2014-10-22,223.808,1026.846285714286,1473.55116
2014-10-24,56.49,1007.1560000000002,1120.0229266666668
2014-10-25,103.882,1002.5580000000002,1116.4203266666668
2014-10-26,447.88,618.6957142857145,1119.5200333333335
2014-10-27,22.32,530.2980000000002,1070.9102333333333
2014-10-28,1510.5819999999999,531.6520000000003,1095.4816333333333
2014-10-29,2813.8120000000004,739.8248571428575,1172.9323000000002
2014-10-31,5362.026,1473.8560000000002,1081.3641666666667
2014-11-01,4732.08,2141.797428571429,1206.1824333333336
2014-11-02,2126.37,2430.724285714286,1276.9044333333334
2014-11-03,2784.163,2764.4790000000003,1349.7717333333335
2014-11-04,6693.7480000000005,3717.540142857143,1544.1405666666665
2014-11-05,1694.564,3743.823285714286,1576.3344333333332
2014-11-06,43.68,3348.090142857143,1571.3937666666666
2014-11-07,1449.142,2789.1067142857146,1603.2081666666666
2014-11-08,333.576,2160.7490000000003,1606.4153666666666
2014-11-09,1574.094,2081.8524285714293,1653.9721
2014-11-10,2002.556,1970.1942857142863,1712.4119666666666
2014-11-11,8114.548,2173.1657142857143,1914.5840333333333
2014-11-12,1054.7612,2081.765314285715,1903.70394
2014-11-14,1034.73,2223.343885714286,1936.24394
2014-11-15,1780.822,2270.726742857143,1921.8652733333333
2014-11-16,1355.9285,2416.7771000000002,1816.2134233333334
2014-11-17,11544.274,3841.088528571429,2194.131756666667
2014-11-18,3406.855,4041.7026714285716,2301.21619
2014-11-19,7226.086,3914.7795285714287,2537.5501233333334
2014-11-20,907.5600000000001,3893.750785714286,2463.3049233333336
2014-11-21,1249.622,3924.4496428571433,2483.5888566666667
2014-11-22,1103.298,3827.6605000000004,2470.3286566666666
2014-11-23,1363.28,3828.7107142857153,2470.5512566666666
2014-11-24,5578.606,2976.4724285714287,2649.0445233333335
2014-11-25,4415.695,3120.592428571429,2794.3513566666666
2014-11-26,1705.99,2332.007285714286,2847.7549566666667
2014-11-27,203.66,2231.450142857143,2839.61429
2014-11-28,2280.83,2378.7655714285715,2914.8979566666667
2014-11-29,649.044,2313.872142857143,2886.1800233333333
2014-11-30,219.154,2150.4255714285714,2799.691423333333
2014-12-01,5624.39,2156.966142857143,2808.43689
2014-12-02,1771.808,1779.2680000000003,2709.761156666667
2014-12-03,505.88,1607.8237142857145,2655.7448233333334
2014-12-04,129.98,1597.2980000000005,2567.2720566666667
2014-12-05,2963.642,1694.8425714285718,2442.9351899999997
2014-12-06,1970.978,1883.6902857142861,2452.14899
2014-12-07,548.4,1930.7254285714287,2468.97299
2014-12-08,1095.12,1283.6868571428572,2457.1722566666667
2014-12-09,1522.652,1248.0931428571432,2496.8081233333337
2014-12-10,573.336,1257.7297142857146,2463.4495233333337
2014-12-12,4938.4045,1944.6475000000003,2561.31114
2014-12-13,293.152,1563.1489285714288,2300.59794
2014-12-14,7641.658,2373.246071428572,2520.1611666666668
2014-12-15,1264.466,2475.5412142857144,2527.819033333333
2014-12-16,4394.187,2946.8365000000003,2614.9311999999995
2014-12-17,45.534,2735.819642857143,2571.2513833333337
2014-12-19,3436.7599999999998,3144.8802142857144,2301.0009166666664
2014-12-20,6962.4400000000005,3434.0281428571434,2419.5204166666667
2014-12-21,1933.44,3668.355,2243.0988833333336
2014-12-22,798.968,2690.8278571428573,2239.47915
2014-12-23,942.108,2644.7767142857147,2229.2286833333337
2014-12-24,1950.202,2295.636,2257.4588166666663
2014-12-26,2041.414,2580.761714285715,2280.0632833333334
2014-12-27,2966.388,2513.565714285715,2192.9893500000003
2014-12-28,3732.2960000000003,2052.1165714285717,2170.2093833333333
2014-12-29,2072.096,2071.9245714285717,2182.4129166666667
2014-12-30,2172.6510000000003,2268.1650000000004,2248.04595
2014-12-31,5253.2699999999995,2884.045285714286,2347.1272833333333
2015-01-02,1932.096,2881.458714285714,2389.8956833333336
2015-01-03,1768.2215999999999,2842.4312285714286,2441.53127
2015-01-04,264.46000000000004,2456.441514285714,2262.8669366666663
2015-01-05,295.272,1965.438085714286,2213.64907
2015-01-06,31.538,1673.9298000000001,2197.83767
2015-01-09,364.07,1415.5610857142858,2205.6406700000002
2015-01-10,1018.104,810.5373714285716,2140.789403333333
2015-01-12,854.614,656.6113714285717,2103.57727
2015-01-13,622.278,492.9051428571432,2106.03987
2015-01-17,350.384,505.1800000000003,2081.2153366666666
2015-01-19,301.742,506.104285714286,2040.5183366666665
2015-01-23,43.66,507.8360000000003,2022.86247
2015-01-24,13.12,457.700285714286,1858.68632
2015-01-26,182.72,338.3597142857146,1855.0052533333333
2015-01-27,3573.252,726.7365714285717,1719.3917199999999
2015-01-28,4297.644,1251.7888571428573,1820.4976533333331
2015-01-30,2161.6400000000003,1510.5397142857146,1746.0794199999998
2015-01-31,99.26,1481.6137142857147,1747.8702866666667
2015-02-03,492.836,1545.7817142857145,1649.7394866666666
2015-02-06,2432.544,1891.4137142857146,1498.7429533333334
2015-02-07,324.10999999999996,1911.612285714286,1445.09862
2015-02-08,129.09199999999998,1419.5894285714292,1422.76942
2015-02-09,785.5519999999999,917.8620000000002,1417.5508866666667
2015-02-10,77.24,620.0905714285717,1355.1188200000001
2015-02-14,1079.962,760.1908571428573,1323.07042
2015-02-15,1602.38,918.6971428571431,1277.6034866666666
2015-02-16,160.43,594.1094285714288,1158.5412866666666
2015-02-18,105.844,562.9285714285717,1092.9995533333333
2015-02-20,316.78000000000003,589.7411428571431,1031.1371866666666
2015-02-21,2591.1,847.6765714285717,942.3981866666667
2015-02-22,79.36,847.9794285714288,880.64032
2015-02-23,37.775999999999996,699.0957142857145,822.9588
2015-02-25,25.869999999999997,473.88000000000017,815.0058
2015-02-27,1159.2710000000002,616.5715714285717,843.8057666666666
2015-02-28,551.264,680.2030000000003,861.1299666666666
2015-03-01,1642.1743999999999,869.5450571428573,903.7334466666666
2015-03-02,899.5699999999999,627.8979142857145,899.7823133333333
2015-03-05,1969.267,897.8846285714288,936.9374133333333
2015-03-06,1555.244,1114.6657714285716,968.03628
2015-03-07,807.54,1226.3329142857144,983.2748133333333
2015-03-08,2563.2960000000003,1426.9079142857147,1058.6599466666667
2015-03-09,478.008,1416.4427714285716,1073.1382133333332
2015-03-10,90.93199999999999,1194.8367142857148,1075.7319466666665
2015-03-12,51.016000000000005,1073.6147142857146,1071.3418133333332
2015-03-13,1384.856,990.1274285714288,998.39528
2015-03-14,707.9000000000001,869.078285714286,878.7371466666666
2015-03-15,16.776,756.1120000000003,807.2416799999999
2015-03-16,7230.209999999999,1422.814,1044.9400133333334
2015-03-17,48.84,1361.5042857142857,1030.1401466666666
2015-03-19,5652.9396,2156.0768,1137.4866666666667
2015-03-20,1548.194,2369.9593714285716,1178.2894666666666
2015-03-21,1270.3790000000001,2353.6055142857144,1216.3323666666665
2015-03-22,2481.424,2606.966085714286,1272.8614333333333
2015-03-23,633.302,2695.0412285714287,1291.3968333333332
2015-03-24,412.95,1721.1469428571431,1269.1631000000002
2015-03-26,4623.37,2374.6512285714293,1369.8627666666664
2015-03-27,83.7,1579.0455714285715,1367.3051000000003
2015-03-28,243.344,1392.638428571429,1371.8884333333333
2015-03-29,1559.0800000000002,1433.881428571429,1413.2984333333334
2015-03-30,571.224,1160.9957142857145,1345.9692333333335
2015-03-31,200.716,1099.1977142857147,1350.0144333333335
2015-04-02,299.22,1082.9505714285717,1358.7292333333332
2015-04-04,1484.598,634.5545714285718,1407.3535000000002
2015-04-05,2974.058,1047.4628571428575,1467.8464
2015-04-06,140.004,1032.7000000000003,1454.1377333333332
2015-04-07,907.436,939.6080000000002,1429.6464533333335
2015-04-09,757.992,966.2891428571431,1424.9271866666668
2015-04-10,169.54199999999997,961.8357142857146,1364.9363533333335
2015-04-11,1328.346,1108.8537142857144,1357.3730866666667
2015-04-12,40.74,902.5882857142859,1331.8130866666665
2015-04-13,3192.6780000000003,933.8197142857146,1352.7924866666665
2015-04-14,35.208,918.8488571428574,1338.0324866666667
2015-04-16,4161.972,1383.7825714285716,1473.73382
2015-04-17,2745.106,1667.6560000000002,1563.53682
2015-04-18,2006.96,1930.144285714286,1584.27362
2015-04-19,329.96,1787.5177142857144,1571.6756200000002
2015-04-20,1194.726,1952.3728571428576,1610.94062
2015-04-21,893.0899999999999,1623.8602857142857,1399.7032866666668
2015-04-22,152.916,1640.6757142857145,1403.1724866666666
2015-04-24,25.99,1049.8211428571433,1215.6074999999998
2015-04-25,920.946,789.2268571428574,1194.6992333333333
2015-04-26,2090.1055,801.104785714286,1222.0234500000001
2015-04-27,2719.59,1142.4805000000003,1229.9623166666668
2015-04-28,4044.3619999999996,1549.5713571428573,1343.6643166666665
2015-04-29,7.968,1423.1253571428574,1330.1649166666664
2015-04-30,1571.695,1625.8080714285716,1228.4424166666665
2015-05-01,450.94,1686.5152142857146,1240.68375
2015-05-02,167.232,1578.841785714286,1238.1466833333334
2015-05-03,2198.76,1594.3638571428576,1259.4693499999998
2015-05-04,1121.362,1366.0455714285715,1277.807283333333
2015-05-07,305.622,831.9398571428575,1281.3041500000002
2015-05-08,3981.968,1399.6541428571431,1404.0624166666669
2015-05-09,48.81,1182.099142857143,1356.2028166666666
2015-05-10,154.442,1139.742285714286,1262.2156166666668
2015-05-11,191.968,1143.2760000000003,1263.94775
2015-05-12,1060.35,980.6460000000003,1269.0448833333332
2015-05-13,238.384,854.5062857142859,1251.7246166666666
2015-05-14,3141.1994999999997,1259.588785714286,1350.7798666666667
2015-05-15,69.908,700.7230714285716,1308.8319333333334
2015-05-16,255.968,730.3170714285716,1316.0062
2015-05-17,134.46800000000002,727.463642857143,1214.0658666666668
2015-05-18,10.86,701.5910714285716,1213.2542666666666
2015-05-20,169.54399999999998,574.3330714285717,1080.1733333333334
2015-05-21,72.332,550.6113571428574,991.0808666666667
2015-05-22,3862.0980000000004,653.5968571428574,1052.9188
2015-05-23,1304.956,830.0322857142859,1085.4186666666667
2015-05-24,610.3069999999999,880.6521428571431,1065.9380333333334
2015-05-25,1739.4180000000001,1109.9307142857147,1094.1489666666669
2015-05-26,982.5640000000001,1248.7455714285718,1121.8038999999999
2015-05-28,794.146,1337.9744285714291,1147.4091
2015-05-29,1204.842,1499.7615714285716,1156.8723
2015-05-30,681.1,1045.3332857142861,1109.90545
2015-05-31,5178.138,1598.6450000000004,1191.85705
2015-06-01,834.1980000000001,1630.6294285714287,1084.8515833333333
2015-06-04,1192.31,1552.4711428571431,1124.32965
2015-06-05,1533.1979999999999,1631.133142857143,1123.0464166666668
2015-06-07,59.768,1526.222,1110.0073499999999
2015-06-08,1083.112,1508.8320000000003,1140.5366833333333
2015-06-09,797.116,1525.4057142857146,1093.8152166666666
2015-06-11,3373.5640000000003,1267.6094285714291,1168.8886166666666
2015-06-12,174.476,1173.3634285714288,1164.5170833333334
2015-06-13,1128.898,1164.3045714285718,1069.4147500000001
2015-06-14,51.072,952.5722857142861,1069.49015
2015-06-15,734.144,1048.9117142857147,1088.81355
2015-06-16,3443.904,1386.1677142857147,1197.2114166666665
2015-06-18,1883.087,1541.3064285714288,1224.6359833333333
2015-06-19,446.346,1123.1324285714288,1231.5680500000003
2015-06-20,829.544,1216.7135714285719,1154.5128666666667
2015-06-21,107.976,1070.8675714285716,1155.7818
2015-06-22,2018.953,1351.9934285714287,1214.5479666666665
2015-06-23,836.9580000000001,1366.6811428571432,1237.9643
2015-06-25,857.08,997.1348571428574,1266.1716333333336
2015-06-26,1592.1960000000001,955.5790000000003,1313.5933666666667
2015-06-28,1386.466,1089.8818571428576,1357.3978333333332
2015-06-29,432.92600000000004,1033.2221428571431,1243.0921
2015-07-02,1631.902,1250.9258571428575,1253.9903000000002
2015-07-03,823.982,1080.2157142857145,1261.1128
2015-07-04,1138.288,1123.2628571428575,1241.0751333333333
2015-07-05,121.646,1018.2008571428574,1212.3778666666665
2015-07-06,1379.812,987.860285714286,1231.9000666666666
2015-07-08,21.12,792.8108571428575,1192.4426666666666
2015-07-09,1587.114,957.6948571428574,1222.6431333333335
2015-07-10,43.286,730.7497142857145,1051.4814
2015-07-11,1941.952,890.4597142857145,1088.4065333333333
2015-07-12,2052.567,1021.0710000000003,1117.0817666666667
2015-07-13,2033.2559999999999,1294.158142857143,1133.7503666666667
2015-07-14,860.9159999999999,1220.0301428571431,1160.4553
2015-07-16,3029.386,1649.782428571429,1225.3310999999999
2015-07-17,448.082,1487.0635714285715,1213.6966333333335
2015-07-18,672.418,1576.9395714285715,1123.6584333333333
2015-07-19,2.025,1299.8071428571432,1117.9100666666668
2015-07-20,2693.168,1391.3215714285718,1170.0524
2015-07-23,208.272,1130.6095714285718,1175.2924
2015-07-24,525.95,1082.7572857142861,1168.3526
2015-07-25,2395.024,992.1341428571432,1133.3899333333331
2015-07-26,969.225,1066.5831428571432,1102.9278666666664
2015-07-27,29.97,974.8048571428574,1089.0486666666668
2015-07-30,443.802,1037.9158571428575,1076.1906000000001
2015-07-31,3712.162,1183.4864285714289,1196.3301333333334
2015-08-01,1011.696,1298.261285714286,1162.7549
2015-08-02,1290.478,1407.4795714285715,1177.8722333333333
2015-08-05,72.65,1075.7118571428573,1151.7245666666668
2015-08-06,494.86920000000003,1007.946742857143,1115.1470066666668
2015-08-07,968.206,1141.9804571428574,1101.2050066666666
2015-08-08,840.102,1198.594742857143,1114.7775399999998
2015-08-09,4878.392000000001,1365.199028571429,1222.9938733333333
2015-08-10,851.4739999999999,1342.3101714285717,1223.9102733333334
2015-08-11,196.112,1185.9721714285718,1192.5044066666667
2015-08-13,586.896,1259.4358857142859,1208.01274
2015-08-15,497.59000000000003,1259.8245714285715,1178.6053399999998
2015-08-16,3378.9320000000002,1604.2140000000004,1290.5324066666667
2015-08-17,381.64,1538.7194285714288,1250.34994
2015-08-21,2827.52,1245.7377142857144,1343.1577399999999
2015-08-22,66.632,1133.6174285714287,1280.6470733333333
2015-08-23,1202.278,1277.3554285714288,1252.3041066666667
2015-08-24,7194.775000000001,2221.3381428571433,1424.35474
2015-08-25,178.52599999999998,2175.7575714285717,1401.6084066666667
2015-08-27,639.9739999999999,1784.4778571428574,1321.9613400000003
2015-08-28,6491.293,2657.285428571429,1523.4017066666668
2015-08-29,246.5,2288.568285714286,1509.20444
2015-08-31,2601.797,2650.7347142857147,1595.8635066666668
2015-09-01,2367.564,2817.204142857143,1585.01004
2015-09-03,1874.898,2057.2217142857144,1640.56424
2015-09-04,1071.284,2184.7585714285715,1658.74204
2015-09-05,934.1030000000001,2226.7770000000005,1610.0446733333333
2015-09-06,1005.654,1443.1142857142859,1611.2589733333334
2015-09-07,2922.667,1825.4238571428575,1707.6822066666666
2015-09-08,89.64,1466.544285714286,1695.8768066666667
2015-09-10,1415.726,1330.5674285714288,1619.3289399999999
2015-09-11,1962.13,1343.0291428571431,1651.0100733333336
2015-09-12,707.824,1291.106285714286,1631.5882733333333
2015-09-13,3445.772,1649.916142857143,1744.0256733333333
2015-09-14,3262.42,1972.311285714286,1836.2773666666665
2015-09-15,2535.85,1917.0517142857145,1888.5321666666666
2015-09-16,31.12,1908.6917142857146,1861.5661
2015-09-17,11525.006,3352.874571428572,2083.1199
2015-09-18,3924.32,3633.187428571429,2185.5481
2015-09-19,500.38,3603.5525714285714,2195.6903666666667
2015-09-20,1836.052,3373.592571428572,2237.3289
2015-09-21,6982.058,3904.9694285714286,2453.4778333333334
2015-09-22,1783.504,3797.491428571429,2400.2969000000003
2015-09-24,4220.594,4395.987714285714,2528.2620333333334
2015-09-25,3033.757,3182.952142857143,2535.1366
2015-09-26,3722.273,3154.088285714286,2656.9913
2015-09-27,2382.958,3423.028,2696.3473
2015-09-28,1058.364,3311.9297142857145,2491.8002666666666
2015-10-01,1158.414,2479.9805714285717,2524.4631999999997
2015-10-02,1269.266,2406.518,2545.4396
2015-10-03,275.218,1842.8928571428573,2338.2371
2015-10-04,505.58,1481.7247142857145,2346.8731
2015-10-05,851.092,1071.5560000000003,2288.5162666666665
2015-10-08,222.12,762.8648571428574,2217.0014666666666
2015-10-09,2133.5350000000003,916.4607142857146,2225.6227
2015-10-10,2248.194,1072.1435714285717,2264.8530333333333
2015-10-11,1011.8955,1035.3763571428574,2267.4461166666665
2015-10-12,2390.758,1337.5963571428576,2313.61625
2015-10-13,371.65999999999997,1318.464928571429,2228.5826833333335
2015-10-15,3219.554,1656.8166428571433,2332.9131500000003
2015-10-16,824.97,1742.938071428572,2313.2212833333333
2015-10-17,77.88,1449.2730714285717,2250.41295
2015-10-18,378.494,1182.1730714285716,2239.4352833333332
2015-10-19,2135.09,1342.629428571429,2195.7458833333335
2015-10-20,720.086,1103.9620000000002,2111.001416666667
2015-10-22,15.128,1053.0288571428575,2026.9773500000001
2015-10-23,2262.296,916.2777142857146,2101.3498833333333
2015-10-24,831.145,917.1598571428575,1744.8878499999998
2015-10-25,1425.412,1109.6644285714287,1661.5909166666668
2015-10-26,1395.333,1254.927142857143,1691.4226833333335
2015-10-28,104.51,964.844285714286,1633.7046166666667
2015-10-29,244.24,896.866285714286,1409.1106833333333
2015-10-30,2122.044,1197.8542857142859,1420.39535
2015-10-31,3211.009,1333.3847142857146,1386.7425166666667
2015-11-01,3106.1059999999998,1658.3791428571433,1389.1541499999998
2015-11-02,5528.551,2244.541857142857,1449.3634166666668
2015-11-03,2800.846,2445.329428571429,1463.2930166666665
2015-11-05,834.874,2549.667142857143,1455.84335
2015-11-06,11.481,2516.4158571428575,1417.61225
2015-11-07,3073.073,2652.277142857143,1477.73915
2015-11-08,12196.997,3935.9897142857144,1875.1317833333335
2015-11-09,4620.2919999999995,4152.302000000001,2012.2888500000001
2015-11-10,3536.904,3867.781,2101.815916666667
2015-11-11,542.178,3545.1141428571427,2112.4845166666664
2015-11-12,1127.992,3586.988142857143,2078.9664166666666
2015-11-13,3591.0771999999997,4098.359028571429,2123.72919
2015-11-14,2512.71,4018.3071714285716,2173.7563400000004
2015-11-15,702.17,2376.189028571429,2117.4700733333334
2015-11-16,4072.334,2297.9093142857146,2240.825873333333
2015-11-17,3885.986,2347.7781714285716,2263.040273333333
2015-11-19,1040.784,2419.0076000000004,2270.234073333333
2015-11-20,2861.15,2666.6016000000004,2363.00974
2015-11-21,3613.5748,2669.815542857143,2470.845766666667
2015-11-22,614.499,2398.642542857143,2420.1593999999996
2015-11-23,3450.1879999999996,2791.216542857143,2511.1627999999996
2015-11-24,1218.7640000000001,2383.563685714286,2551.284
2015-11-25,13.12,1830.2971142857148,2476.3114666666665
2015-11-26,1484.0819999999999,1893.6254000000004,2498.076033333333
2015-11-27,3109.7835,1929.1444714285717,2554.2217499999997
2015-11-28,1864.482,1679.274071428572,2569.8600500000002
2015-11-29,2760.168,1985.7982142857145,2658.381983333333
2015-11-30,1798.3970000000002,1749.8280714285718,2710.1872166666667
2015-12-01,7130.594,2594.3752142857147,2877.1388833333335
2015-12-03,1972.645,2874.3073571428577,2835.860083333333
2015-12-04,5185.814,3403.126214285715,2905.1836833333336
2015-12-05,897.322,3087.0602857142862,2750.8093833333332
2015-12-06,6061.502,3686.6345714285717,2859.4979166666667
2015-12-07,1338.298,3483.510285714286,2876.2787166666667
2015-12-08,2672.728,3608.4147142857146,2964.98695
2015-12-09,34.02,2594.618428571429,2863.6851833333335
2015-12-10,3080.38,2752.866285714286,2559.79795
2015-12-11,1590.894,2239.306285714286,2458.8180166666666
2015-12-12,1448.854,2318.0965714285717,2389.21635
2015-12-13,1023.386,1598.3657142857144,2405.2566166666666
2015-12-14,858.304,1529.795142857143,2396.2670166666667
2015-12-15,5494.796,1932.9477142857145,2459.72431
2015-12-16,4.98,1928.799142857143,2376.1333099999997
2015-12-17,1918.492,1762.8151428571432,2416.6773766666665
2015-12-18,935.288,1669.157142857143,2312.1091766666664
2015-12-19,6120.656,2336.5574285714288,2386.598176666667
2015-12-20,1107.464,2348.568571428572,2388.8208433333334
2015-12-21,3257.7599999999998,2691.3480000000004,2402.0411766666666
2015-12-22,473.313,1973.993285714286,2297.3657833333336
2015-12-23,194.32,2001.0418571428575,2283.3598166666666
2015-12-24,7484.566000000001,2796.195285714286,2417.8390833333333
2015-12-25,4204.968,3263.292428571429,2517.3792166666667
2015-12-26,561.486,2469.1252857142863,2535.6580833333337
2015-12-27,5148.4472,3046.4086,2657.80359
2015-12-28,79.2,2592.3286000000003,2556.7841400000007
2015-12-29,6.36,2525.621028571429,2494.8467400000004
2015-12-30,3251.34,2962.338171428572,2511.21914
2015-12-31,1381.344,2090.4493142857145,2497.3173733333333
2016-01-02,405.91999999999996,1547.7281714285716,2273.1615733333333
2016-01-03,2095.83,1766.9201714285716,2277.2677400000002
2016-01-04,1069.22,1184.1734285714288,2140.04794
2016-01-05,255.904,1209.4168571428575,2118.66734
2016-01-07,83.576,1220.4477142857145,1919.40314
2016-01-08,1859.1580000000001,1021.5645714285719,1936.76514
2016-01-09,743.0459999999999,930.379142857143,1872.4424066666668
2016-01-10,174.75,897.3548571428574,1877.1334066666668
2016-01-11,149.444,619.2997142857147,1779.43554
2016-01-14,405.344,524.460285714286,1739.9172066666667
2016-01-15,701.923,588.177285714286,1715.0195066666668
2016-01-16,102.21799999999999,590.8404285714289,1684.3139066666665
2016-01-17,1040.55,473.89642857142877,1690.3887733333333
2016-01-21,1167.056,534.469285714286,1546.1307733333333
2016-01-22,917.63,640.5950000000003,1576.5524400000002
2016-01-23,1732.3,866.7172857142859,1570.34604
2016-01-24,31.36,813.2910000000002,1540.2151066666668
2016-01-25,858.712,835.6894285714288,1364.8169733333334
2016-01-28,39.68,826.7554285714289,1329.2241733333333
2016-01-30,3107.316,1122.0077142857147,1324.2093733333334
2016-01-31,1601.5539999999999,1184.0788571428573,1361.8174066666666
2016-02-01,161.97,1076.1274285714287,1360.7390733333332
2016-02-02,8996.784,2113.9108571428574,1411.1463399999998
2016-02-03,866.4,2233.2022857142856,1299.8607399999999
2016-02-04,197.868,2138.796,1287.74014
2016-02-05,2994.476,2560.909714285714,1215.9411
2016-02-06,132.224,2135.896571428572,1217.7085666666667
2016-02-07,762.142,2015.9805714285717,1242.9013
2016-02-08,1369.476,2188.4814285714288,1180.1725
2016-02-09,121.83,920.6308571428574,1138.1887
2016-02-11,69.93,806.8494285714289,1126.9890333333335
2016-02-12,1366.04,973.7311428571431,1102.6627
2016-02-13,146.82,566.9231428571431,1071.9160333333334
2016-02-14,837.921,667.7370000000002,1091.3165999999999
2016-02-15,407.072,617.0127142857145,1102.0998
2016-02-16,1135.638,583.6072857142859,1077.9824666666666
2016-02-19,392.65999999999997,622.297285714286,1066.3029333333334
2016-02-20,16.496,614.6638571428574,1061.0278
2016-02-21,1524.126,637.2475714285716,1106.8505333333335
2016-02-22,983.17,756.726142857143,1126.1114
2016-02-23,57.576,645.2482857142859,1104.6331666666667
2016-02-25,46.72,593.7694285714288,1102.7832333333333
2016-02-27,243.892,466.3771428571431,1076.2279666666666
2016-02-28,36.48,415.494285714286,1038.5421
2016-02-29,111.104,429.0097142857145,1011.6579
2016-03-01,6285.8060000000005,1109.2497142857146,1163.4414333333334
2016-03-03,7264.422,2006.571428571429,1404.5435
2016-03-04,315.45,2043.410571428572,1386.4347666666665
2016-03-05,162.344,2059.9282857142857,1390.5235666666667
2016-03-06,811.303,2140.987,1313.9898
2016-03-07,21.072,2138.7858571428574,1261.3070666666667
2016-03-08,2190.81,2435.886714285715,1328.9350666666667
2016-03-09,635.6,1628.714428571429,1050.2289333333333
2016-03-10,7879.734,1716.6161428571431,1284.0067333333332
2016-03-11,896.0219999999999,1799.5550000000003,1307.2785333333334
2016-03-12,1694.6419999999998,2018.4547142857143,1263.9507333333333
2016-03-13,8866.882,3169.2517142857146,1555.106
2016-03-14,669.3679999999999,3261.8654285714288,1552.0135333333333
2016-03-15,2356.808,3285.5794285714287,1584.9245999999998
2016-03-17,2360.3340000000003,3531.9700000000003,1659.5413999999998
2016-03-18,1061.682,2557.9625714285717,1692.5998
2016-03-19,138.68,2449.770857142857,1651.6878
2016-03-20,928.311,2340.2950000000005,1677.7375
2016-03-21,645.7059999999999,1165.8412857142862,1671.330333333333
2016-03-22,226.46800000000002,1102.5698571428577,1665.3102
2016-03-24,745.774,872.4221428571435,1652.3147333333334
2016-03-25,1346.97,727.6558571428577,1684.1250666666665
2016-03-26,682.246,673.4507142857148,1706.3167333333333
2016-03-27,92.69999999999999,666.8821428571434,1658.6025333333334
2016-03-28,125.30000000000001,552.1662857142862,1630.0068666666668
2016-03-29,2659.339,839.8281428571435,1716.7323000000001
2016-03-30,11.34,809.0955714285719,1715.5529666666666
2016-03-31,640.762,794.0938571428577,1728.7819666666667
2016-04-01,2161.48,910.452428571429,1799.6153
2016-04-02,1454.9,1020.8315714285719,1844.4085
2016-04-03,441.198,1070.6170000000004,1649.5882333333334
2016-04-04,970.194,1191.3161428571434,1439.7806333333333
2016-04-05,1046.3339999999998,960.8868571428577,1464.1434333333334
2016-04-06,1294.75,1144.2311428571434,1501.8903
2016-04-07,1970.574,1334.2042857142862,1540.5326666666667
2016-04-08,2906.404,1440.6220000000005,1636.7104
2016-04-09,1115.197,1392.0930000000005,1600.8566333333333
2016-04-10,950.594,1464.8638571428578,1611.3564333333334
2016-04-12,1542.53,1546.6261428571433,1400.1163000000001
2016-04-13,6.12,1398.0241428571433,1370.4529
2016-04-14,1466.572,1422.5701428571433,1362.8505666666665
2016-04-15,2201.8559999999998,1455.6104285714289,1140.6830333333332
2016-04-16,9335.086000000001,2373.9935714285716,1429.5403000000001
2016-04-17,421.08500000000004,2274.834714285715,1365.0161999999998
2016-04-18,2514.538,2498.2552857142864,1370.1563333333334
2016-04-19,1414.132,2479.9127142857146,1381.9046666666666
2016-04-21,271.616,2517.840714285715,1386.3358666666668
2016-04-22,1765.4650000000001,2560.539714285715,1414.2410000000002
2016-04-23,720.368,2348.8985714285723,1416.7297333333333
2016-04-24,1607.1,1244.900571428572,1462.7508000000003
2016-04-25,108.42,1200.2341428571435,1441.5056666666667
2016-04-26,434.646,903.1067142857148,1411.0948666666668
2016-04-28,486.672,770.6124285714292,1404.5757333333333
2016-04-30,142.208,752.1255714285719,1406.2259999999999
2016-05-01,517.866,573.8971428571433,1419.3115333333333
2016-05-02,1098.136,627.8640000000005,1367.271433333333
2016-05-03,1099.013,555.2801428571433,1403.5272
2016-05-05,2701.28,925.6887142857148,1472.2111333333332
2016-05-06,236.96,897.4478571428577,1408.0604666666666
2016-05-07,4835.976,1518.7770000000003,1520.763
2016-05-08,1340.2440000000001,1689.9250000000004,1550.7311999999997
2016-05-09,1283.512,1799.3030000000003,1561.1751333333334
2016-05-10,763.0200000000001,1751.4292857142864,1551.7313333333332
2016-05-11,5.98,1595.2817142857148,1508.7723333333333
2016-05-12,918.878,1340.6528571428576,1473.7157999999997
2016-05-14,455.93,1371.934285714286,1392.0333333333333
2016-05-15,648.9119999999999,773.7822857142863,1376.4905
2016-05-16,880.4599999999999,708.0988571428577,1374.1526999999999
2016-05-17,346.922,574.3002857142862,1334.2991
2016-05-18,122.22,482.75742857142905,1338.1691
2016-05-19,1582.008,707.9042857142862,1342.0169666666668
2016-05-20,2471.913,929.7664285714291,1351.0188666666668
2016-05-21,2718.2140000000004,1252.9498571428576,1130.4564666666668
2016-05-22,1799.2,1417.276714285715,1176.3936333333334
2016-05-23,10560.978000000001,2800.207857142858,1444.6083
2016-05-24,277.756,2790.327000000001,1406.7291000000002
2016-05-25,1311.97,2960.2912857142865,1441.4075666666665
2016-05-26,1975.356,3016.4838571428577,1448.4039333333333
2016-05-27,5305.078,3421.221714285715,1601.2276
2016-05-28,2137.324,3338.237428571429,1618.9017333333334
2016-05-29,1063.185,3233.0924285714295,1650.7272333333335
2016-05-30,8090.578,2880.1781428571435,1905.9249666666665
2016-05-31,438.85900000000004,2903.1928571428575,1904.3312
2016-06-02,157.844,2738.3177142857153,1904.8524
2016-06-03,71.088,2466.2794285714294,1889.9598
2016-06-04,2316.5229999999997,2039.3430000000008,1930.5727000000002
2016-06-05,659.82,1828.2710000000006,1915.9329333333335
2016-06-06,6026.312,2537.2891428571434,2026.7673333333335
2016-06-07,51.562,1388.8582857142862,2020.5874000000001
2016-06-09,1688.4720000000002,1567.374428571429,1915.6706000000001
2016-06-10,1412.3960000000002,1746.5961428571434,1918.0756666666668
2016-06-11,1623.416,1968.3572857142863,1929.4058
2016-06-12,2962.563,2060.648714285715,2002.7239000000002
2016-06-13,430.43800000000005,2027.8798571428576,2016.8725000000002
2016-06-14,3457.099,1660.8494285714291,2101.479866666667
2016-06-15,173.488,1678.2674285714293,2092.0651333333335
2016-06-16,147.27499999999998,1458.0964285714292,2075.3439000000003
2016-06-17,3000.92,1685.0284285714292,2146.0259
2016-06-18,541.938,1530.531571428572,2152.5264333333334
2016-06-19,17.12,1109.7540000000006,2149.0231
2016-06-20,1229.548,1223.9125714285722,2137.2744333333335
2016-06-21,577.108,812.4852857142862,2074.114266666667
2016-06-23,2475.094,1141.2861428571434,2066.0102666666667
2016-06-24,5310.952,1878.9542857142862,2183.068666666667
2016-06-25,893.266,1577.8608571428576,1860.8116
2016-06-26,1919.6000000000001,1774.669714285715,1915.5397333333333
2016-06-27,778.7059999999999,1883.467714285715,1897.7642666666668
2016-06-28,877.156,1833.1260000000004,1861.1576
2016-06-29,191.88,1778.093428571429,1690.717666666667
2016-06-30,1352.9499999999998,1617.7871428571434,1664.5718666666667
2016-07-01,1724.376,1105.4191428571432,1686.6115666666667
2016-07-02,772.786,1088.2077142857147,1442.6851666666666
2016-07-03,847.6999999999999,935.0791428571432,1456.3132
2016-07-04,1651.301,1059.7355714285718,1506.0951
2016-07-07,3882.2309999999998,1489.0320000000004,1633.1332
2016-07-08,2616.512,1835.4080000000006,1643.1328333333333
2016-07-09,573.286,1724.027428571429,1640.2483666666667
2016-07-10,895.895,1605.6730000000005,1469.2344666666665
2016-07-12,95.76,1508.9550000000004,1470.7077333333334
2016-07-14,2149.96,1694.9921428571433,1486.0906666666667
2016-07-15,380.2,1513.4062857142865,1451.6841333333332
2016-07-16,910.17,1088.8261428571434,1427.9092666666668
2016-07-17,2184.88,1027.164428571429,1401.9865
2016-07-18,2891.858,1358.3890000000006,1484.0338333333334
2016-07-19,1536.454,1449.897428571429,1420.0123333333331
2016-07-20,89.95,1449.067428571429,1417.2277333333334
2016-07-21,991.095,1283.5152857142862,1445.3550666666665
2016-07-22,1368.048,1424.6364285714292,1390.926
2016-07-23,654.587,1388.124571428572,1394.6809666666666
2016-07-24,326.964,1122.7080000000008,1405.0091
2016-07-25,5920.488,1555.369428571429,1561.3737666666668
2016-07-28,2033.374,1626.3580000000006,1609.9159666666667
2016-07-29,819.154,1730.5300000000007,1554.7179666666668
2016-07-30,1770.7759999999998,1841.9130000000005,1436.7121
2016-07-31,2174.1580000000004,1957.0715714285723,1479.4085000000002
2016-08-01,1124.648,2024.2231428571433,1452.9101
2016-08-02,482.584,2046.454571428572,1443.0393666666666
2016-08-03,248.82,1236.2162857142862,1422.0948333333333
2016-08-04,497.90999999999997,1016.8642857142862,1432.2958333333333
2016-08-05,197.05,927.9922857142863,1393.7658333333334
2016-08-06,320.38800000000003,720.7940000000006,1346.9662333333333
2016-08-07,179.97,435.9100000000005,1327.2056999999998
2016-08-08,1115.204,434.5608571428576,1336.1225000000002
2016-08-09,661.3539999999999,460.0994285714291,1303.1242666666667
2016-08-11,151.82,446.2422857142862,1178.7772333333335
2016-08-12,3951.9605,939.678071428572,1223.2921833333335
2016-08-13,731.524,1016.0315000000006,1228.5667833333332
2016-08-14,923.688,1102.2172142857148,1229.4932166666665
2016-08-15,1680.2659999999998,1316.5452142857146,1282.3100833333335
2016-08-16,204.54000000000002,1186.4503571428577,1217.4627500000001
2016-08-17,15.712,1094.215785714286,1205.3131500000002
2016-08-18,496.114,1143.4006428571433,1191.5112833333333
2016-08-19,448.792,642.9480000000004,1133.6416833333335
2016-08-20,14.78,540.5560000000005,1037.7390833333334
2016-08-21,4798.2919999999995,1094.0708571428574,1146.4670166666667
2016-08-22,405.35,911.9400000000005,1156.98035
2016-08-23,4187.348,1480.9125714285717,1263.5221166666668
2016-08-26,4874.298,2174.9962857142864,1380.3971166666668
2016-08-27,767.9110000000001,2213.824428571429,1384.1745833333334
2016-08-28,322.0248,2195.714828571429,1384.0099433333335
2016-08-29,632.188,2283.9159714285715,1207.7332766666666
2016-08-30,1656.8700000000001,1835.1414000000007,1195.1831433333332
2016-08-31,23.968,1780.6582571428578,1168.6769433333332
2016-09-01,5766.152,2006.201685714286,1301.8561433333334
2016-09-02,6792.193,2280.1866857142863,1455.7906433333333
2016-09-03,2365.596,2508.4274000000005,1497.1555766666665
2016-09-04,4532.0419999999995,3109.858428571429,1632.13751
2016-09-05,5226.348,3766.1670000000004,1798.0551100000002
2016-09-06,1313.536,3717.119285714286,1825.2426433333333
2016-09-08,4493.9836000000005,4355.692942857143,1968.4737633333336
2016-09-09,84.992,3544.098657142858,1960.6272299999998
2016-09-10,2094.324,2872.9745142857146,2024.4390300000002
2016-09-11,6501.586,3463.8302285714294,2203.9850966666663
2016-09-12,2043.792,3108.365942857144,2250.0663633333334
2016-09-13,2374.73,2700.991942857144,2324.1633633333336
2016-09-14,1137.338,2675.820800000001,2230.3426133333337
2016-09-15,2101.1820000000002,2333.992000000001,2275.9978800000004
2016-09-16,425.88599999999997,2382.691142857144,2259.40448
2016-09-17,2043.126,2375.377142857144,2271.499813333334
2016-09-18,4751.082,2125.3051428571434,2423.051213333333
2016-09-19,3839.312,2381.8080000000004,2550.504546666666
2016-09-20,1232.004,2218.561428571429,2575.0342133333334
2016-09-22,615.57,2144.0231428571433,2580.5934800000005
2016-09-23,1322.145,2032.7321428571433,2624.172313333334
2016-09-24,2286.05,2298.4698571428576,2540.430913333334
2016-09-25,3443.091,2498.464857142858,2641.6889466666667
2016-09-26,2698.1665,2205.191214285715,2592.0495633333335
2016-09-27,1992.9858,1941.430328571429,2496.0058233333334
2016-09-28,99.136,1779.5920428571437,2473.713323333333
2016-09-29,1307.792,1878.4809000000005,2506.5722299999998
2016-09-30,525.884,1764.7293285714293,2503.0287633333337
2016-10-01,781.414,1549.781328571429,2473.846896666667
2016-10-02,18452.972,3694.0500428571436,3088.14703
2016-10-03,1680.696,3548.697114285715,2951.9651633333337
2016-10-04,5912.782,4108.668000000001,2922.6514633333336
2016-10-06,830.4000000000001,4213.134285714286,2871.478263333333
2016-10-07,973.712,4165.408571428573,2752.8672633333335
2016-10-08,561.5360000000001,4170.501714285715,2597.37353
2016-10-09,546.92,4137.002571428572,2571.8196633333337
2016-10-10,282.75300000000004,1541.2570000000007,2431.44531
2016-10-11,33.064,1305.8810000000005,2429.7143766666663
2016-10-13,1650.618,697.0004285714292,2414.924176666667
2016-10-14,3335.888,1054.9272857142862,2309.40091
2016-10-15,1620.15,1147.275571428572,2295.27951
2016-10-16,142.182,1087.3678571428577,2220.8612433333333
2016-10-17,2953.346,1431.1430000000005,2281.3948433333335
2016-10-18,307.92,1434.7382857142861,2221.6194433333335
2016-10-20,946.174,1565.1825714285717,2238.9623766666673
2016-10-21,7951.592,2465.3217142857147,2435.9112433333335
2016-10-22,188.28,2015.6634285714292,2283.8178433333333
2016-10-23,467.42199999999997,1850.9880000000005,2171.42151
2016-10-24,1365.498,2025.747428571429,2175.87131
2016-10-25,783.96,1715.8351428571434,2181.4843100000003
2016-10-27,978.7900000000001,1811.6737142857148,2170.0391433333334
2016-10-28,2899.0209999999997,2090.651857142858,2190.4715100000003
2016-10-29,131.154,973.4464285714291,2080.07361
2016-10-30,159.002,969.2638571428578,1995.4347933333333
2016-10-31,3750.4990000000003,1438.2748571428576,2054.0185666666666
2016-11-01,453.374,1307.9714285714292,2065.8265
2016-11-03,3802.7960000000003,1739.2337142857145,2148.9933
2016-11-04,3888.8179999999998,2154.9520000000007,2261.0911
2016-11-05,4266.8988,2350.363114285715,2377.2739266666667
2016-11-06,773.2560000000001,2442.0919714285724,1787.9500600000001
2016-11-07,3810.464,2963.7294000000006,1858.9423266666668
2016-11-08,993.9000000000001,2569.929542857143,1694.9795933333335
2016-11-09,479.97,2573.728971428572,1683.2985933333334
2016-11-10,4723.478,2705.2549714285715,1808.2907933333333
2016-11-11,4944.296,2856.0375428571433,1954.3827933333334
2016-11-12,4914.938,2948.6145714285717,2099.9833933333334
2016-11-13,2945.138,3258.883428571429,2188.7295599999998
2016-11-14,2774.0620000000004,3110.8260000000005,2280.09616
2016-11-15,2145.718,3275.3714285714295,2296.599493333333
2016-11-16,36.72,3212.0500000000006,2186.6272266666665
2016-11-17,142.684,2557.6508571428576,2137.37836
2016-11-18,3958.9320000000002,2416.8845714285717,2264.60336
2016-11-19,638.462,1805.959428571429,2187.44056
2016-11-20,3070.333,1823.844428571429,2279.520993333333
2016-11-21,1176.891,1595.6771428571435,2287.21156
2016-11-22,317.044,1334.4380000000006,2032.7266266666666
2016-11-23,100.61599999999999,1343.5660000000007,2029.8044933333333
2016-11-24,6394.5380000000005,2236.688000000001,2227.3750266666666
2016-11-25,7978.551,2810.9192857142866,2447.8101266666663
2016-11-26,8329.743,3909.6737142857155,2699.3362266666663
2016-11-27,1651.239,3706.9460000000004,2721.751193333333
2016-11-28,3428.372,4028.5861428571434,2739.3962266666667
2016-11-29,300.592,4026.235857142858,2745.04416
2016-11-30,970.142,4150.4538571428575,2772.08216
2016-12-01,7365.455,4289.156285714286,2892.580693333334
2016-12-02,4684.616,3818.594142857143,3033.6220933333334
2016-12-03,5269.816,3381.4617142857146,3082.52276
2016-12-04,944.2860000000001,3280.468428571429,2984.3716933333335
2016-12-05,5267.004,3543.1301428571433,3017.7085333333334
2016-12-06,3878.276,4054.227857142858,3121.2092000000002
2016-12-08,4709.095,4588.3640000000005,3151.163566666667
2016-12-09,1855.483,3801.225142857143,3179.8830000000003
2016-12-10,3459.71,3626.2385714285724,3279.207666666667
2016-12-11,6102.25,3745.1577142857154,3325.1667333333335
2016-12-12,1981.115,3893.2761428571434,3226.394033333333
2016-12-13,1194.088,3311.4310000000005,3102.3657000000003
2016-12-14,828.654,2875.770714285715,3031.816233333333
2016-12-15,2637.087,2579.769571428572,3027.2503999999994
2016-12-16,628.5419999999999,2404.492285714286,2976.6778666666664
2016-12-17,12185.134,3650.9814285714288,3381.625
2016-12-18,7051.35,3786.5671428571436,3611.913866666667
2016-12-19,815.1120000000001,3619.995285714286,3507.119866666667
2016-12-20,134.54,3468.6312857142866,3490.322466666667
2016-12-22,1043.128,3499.270428571429,3422.748966666667
2016-12-23,6965.857,4117.666142857143,3615.7145
2016-12-24,1938.26,4304.768714285715,3669.7550333333334
2016-12-25,10488.055,4062.3288571428575,4016.0029999999997
2016-12-26,1829.418,3316.338571428572,3863.8323333333333
2016-12-27,959.49,3336.9640000000004,3629.8636333333334
2016-12-29,1277.68,3500.2697142857146,3394.7948666666666
2016-12-30,773.774,3461.790571428572,3365.5460333333335
2016-12-31,731.768,2571.206428571429,3275.6592333333333
2017-01-01,1481.8280000000002,2506.0018571428577,3315.0337666666665
2017-01-02,2079.554,1304.7874285714292,3352.014166666667
2017-01-03,2070.272,1339.1951428571433,3175.5080666666668
2017-01-06,33.74,1206.9451428571433,3020.4788666666664
2017-01-07,3395.59,1509.5037142857148,2958.0046666666667
2017-01-08,892.98,1526.5331428571433,2956.2944666666663
2017-01-09,274.491,1461.2078571428578,2789.8773666666666
2017-01-12,848.52,1370.7352857142862,2688.8855
2017-01-13,4619.33,1733.560428571429,2685.893333333333
2017-01-14,1056.038,1588.6698571428576,2659.2451666666666
2017-01-15,2140.28,1889.6041428571432,2615.2641666666664
2017-01-16,6230.2919999999995,2294.561571428572,2619.532233333333
2017-01-19,2013.715,2454.6665714285723,2620.6189000000004
2017-01-20,767.838,2525.1447142857146,2606.4105666666665
2017-01-21,2546.643,2767.7337142857145,2663.676866666667
2017-01-22,4212.372,2709.5968571428575,2716.186366666667
2017-01-23,450.334,2623.0677142857144,2710.2461
2017-01-24,418.66599999999994,2377.122857142858,2318.0305
2017-01-26,3055.2799999999997,1923.5497142857146,2184.8281666666667
2017-01-27,331.914,1683.2924285714291,2168.7215666666666
2017-01-28,1007.52,1717.5327142857147,2197.8208999999997
2017-01-29,294.842,1395.8468571428577,2172.8780333333334
2017-01-30,3749.335,1329.6987142857147,2065.6606333333334
2017-02-02,913.354,1395.8444285714288,2031.4970999999998
2017-02-03,922.327,1467.7960000000005,1712.6395
2017-02-04,32.67,1035.9945714285718,1652.7478999999998
2017-02-05,2263.012,1311.865714285715,1696.1986333333334
2017-02-06,904.354,1297.1277142857148,1683.7544333333333
2017-02-09,773.7639999999999,1365.5451428571432,1683.7540999999999
2017-02-10,227.103,862.3691428571434,1666.9319333333333
2017-02-11,1241.516,909.2494285714291,1658.9215333333332
2017-02-13,1058.43,928.6927142857148,1624.8840666666665
2017-02-16,1337.442,1115.088714285715,1600.4563999999998
2017-02-17,2964.8174,1215.3466285714292,1698.15898
2017-02-18,287.326,1127.199771428572,1594.55018
2017-02-19,1314.59,1204.4606285714292,1608.6038466666664
2017-02-20,1150.29,1336.344485714286,1637.7971466666665
2017-02-21,47.904,1165.8284857142862,1611.1099466666667
2017-02-23,117.79999999999998,1031.4527714285719,1461.0589466666668
2017-02-24,1448.676,1047.3433428571432,1474.14688
2017-02-25,430.49199999999996,685.2968571428576,1417.1539466666666
2017-02-26,2847.6459999999997,1051.0568571428576,1304.39908
2017-02-28,17.62,865.775428571429,1237.86258
2017-03-02,1450.126,908.6091428571433,1260.6055133333332
2017-03-03,2000.1039999999998,1187.4948571428577,1242.3875466666666
2017-03-04,228.822,1203.3551428571432,1109.6025466666665
2017-03-05,1240.02,1173.5471428571432,1135.9254133333334
2017-03-06,778.236,1223.2248571428574,1147.91108
2017-03-07,166.59,840.2168571428575,1051.6214133333333
2017-03-08,843.1,958.1425714285718,1068.6609466666666
2017-03-09,710.804,852.5251428571434,1058.7704133333334
2017-03-10,1252.952,745.7891428571435,1090.7074133333333
2017-03-11,1973.708,995.0585714285719,1031.5198466666668
2017-03-12,353.28,868.3814285714291,1012.8507133333333
2017-03-13,4791.35,1441.683428571429,1141.8181466666667
2017-03-14,49.616,1424.972857142858,1142.3830133333333
2017-03-16,2014.381,1592.2987142857148,1134.0953133333335
2017-03-17,542.746,1568.290428571429,1122.0417133333333
2017-03-18,1027.758,1536.1198571428577,1130.50818
2017-03-19,2166.248,1563.6255714285721,1195.146346666667
2017-03-20,899.568,1641.666714285715,1183.74808
2017-03-21,3332.636,1433.2790000000007,1259.5549466666666
2017-03-23,14816.068,3542.7721428571435,1708.8424799999998
2017-03-24,1257.298,3434.617428571429,1651.9251666666667
2017-03-25,3567.026,3866.657428571429,1761.2485000000001
2017-03-26,3252.88,4184.532000000001,1825.8581666666664
2017-03-27,2933.516,4294.141714285714,1885.2990333333332
2017-03-28,1504.702,4380.589428571429,1933.8589666666664
2017-03-29,81.4,3916.127142857143,1932.6456333333333
2017-03-30,656.407,1893.3184285714292,1906.2366666666667
2017-03-31,4981.010799999999,2425.2774000000004,2057.9206266666665
2017-04-01,5972.988,2768.986257142858,2162.0986933333334
2017-04-02,822.97,2421.856257142858,2188.943693333333
2017-04-03,32.528,2007.429400000001,2141.6904266666666
2017-04-04,808.47,1907.9676857142863,2101.9692933333336
2017-04-06,114.41999999999999,1912.6848285714293,2098.1558933333336
2017-04-07,1971.2905,2100.5253285714293,2122.5315766666668
2017-04-08,6401.93,2303.5137857142868,2309.9880433333333
2017-04-09,1626.71,1682.6169285714293,2358.65871
2017-04-10,755.529,1672.9825000000008,2355.7396766666666
2017-04-11,319.806,1714.0222142857149,2342.70641
2017-04-12,69.66,1608.4779285714296,2303.2633433333335
2017-04-13,1345.8239999999998,1784.3927857142864,2282.3338766666666
2017-04-14,652.93,1596.0555714285722,2292.32221
2017-04-15,332.338,728.9710000000007,2143.6884766666667
2017-04-16,944.429,631.5022857142865,2173.5155766666667
2017-04-17,3431.4590000000003,1013.7780000000008,2220.75151
2017-04-20,2033.24,1258.5542857142866,2270.4346433333335
2017-04-21,1254.564,1427.8262857142868,2277.9948433333334
2017-04-22,947.692,1370.9502857142866,2237.37631
2017-04-23,1199.222,1448.9920000000006,2247.364776666667
2017-04-24,928.558,1534.1662857142867,2167.2288433333333
2017-04-25,678.113,1496.1211428571437,1695.9636766666667
2017-04-26,61.608000000000004,1014.7138571428579,1656.1073433333333
2017-04-27,576.5756,806.6189428571437,1556.4256633333332
2017-04-28,795.296,741.0092285714293,1474.5061966666667
2017-04-29,1053.26,756.0903714285722,1411.8309966666666
2017-04-30,1390.1260000000002,783.3623714285723,1408.0117966666667
2017-05-01,4108.37,1237.6212285714294,1542.24413
2017-05-02,399.11,1197.763657142858,1533.6675633333334
2017-05-03,1386.346,1387.0119428571436,1413.8454033333335
2017-05-04,1389.4050000000002,1503.1304285714293,1261.0593033333332
2017-05-05,185.123,1415.962857142858,1239.7977366666667
2017-05-06,3183.3698,1720.264257142858,1344.8257966666667
2017-05-07,2549.468,1885.8845428571435,1402.8590633333333
2017-05-08,3658.5540000000005,1821.625114285715,1520.9968633333333
2017-05-09,1078.222,1918.6411142857153,1491.2279133333332
2017-05-11,449.469,1784.8015428571437,1292.8125466666668
2017-05-12,970.384,1724.9414000000008,1270.9350133333332
2017-05-13,3066.378,2136.549257142858,1347.9633133333334
2017-05-14,4182.062,2279.219571428572,1476.7051800000002
2017-05-15,421.264,1975.1904285714295,1488.4253133333334
2017-05-16,221.024,1484.1147142857153,1450.9319800000003
2017-05-18,1830.508,1591.5841428571437,1490.18458
2017-05-19,4919.182,2230.1145714285726,1643.07938
2017-05-20,2997.578,2519.713714285715,1711.5176800000002
2017-05-21,538.02,2158.519714285715,1615.0697133333335
2017-05-22,336.56199999999995,1609.1625714285724,1558.5137800000002
2017-05-23,241.436,1583.4728571428582,1524.742846666667
2017-05-25,886.026,1678.4731428571436,1522.6873133333333
2017-05-26,270.24,1455.577714285715,1491.7212466666667
2017-05-27,2084.908,1050.6814285714293,1530.2662466666668
2017-05-28,1480.103,833.8992857142864,1556.9992466666665
2017-05-29,691.108,855.7690000000008,1577.9825799999999
2017-05-30,736.8904,912.9587714285723,1583.3264066666668
2017-06-01,5058.362,1601.0910571428578,1725.4286066666668
2017-06-02,135.70600000000002,1493.9024857142865,1694.8434733333336
2017-06-03,2952.036,1877.0162000000007,1746.90714
2017-06-04,279.414,1619.0884857142867,1619.2752733333332
2017-06-05,491.11199999999997,1477.8040571428578,1622.3420066666665
2017-06-06,31.349999999999998,1383.5529142857151,1577.1754733333332
2017-06-08,2227.038,1596.4311428571434,1605.0965733333333
2017-06-09,939.1329999999999,1007.9698571428579,1630.23024
2017-06-10,2513.3430000000003,1347.6322857142864,1607.8960133333335
2017-06-11,1580.894,1151.7548571428579,1575.6102133333334
2017-06-12,1679.968,1351.8340000000007,1509.6573466666666
2017-06-13,1156.018,1446.820571428572,1512.2505466666667
2017-06-15,4057.51,2021.9862857142866,1632.51858
2017-06-16,2724.194,2093.008571428572,1690.9789133333334
2017-06-17,3896.672,2515.5141428571437,1718.6553800000002
2017-06-18,1031.1555,2303.773071428572,1613.6251633333334
2017-06-19,2115.941,2380.208357142858,1670.1143966666668
2017-06-20,1028.228,2287.1026428571436,1697.0211966666664
2017-06-21,595.656,2207.0509285714293,1655.8594633333335
2017-06-22,579.019,1710.1236428571435,1511.1873633333335
2017-06-24,1287.614,1504.8979285714292,1454.1885633333334
2017-06-25,1508.3519999999999,1163.709357142858,1486.5329633333333
2017-06-26,4224.136,1619.8494285714294,1616.1187633333332
2017-06-27,1644.906,1552.5587142857148,1662.9010966666667
2017-06-29,4521.9912,2051.6677428571434,1784.0999366666665
2017-06-30,4721.977,2641.142171428572,1932.49117
2017-07-01,639.83,2649.8294571428582,1884.3219033333332
2017-07-02,169.192,2490.0548857142862,1840.62487
2017-07-03,6963.4039999999995,3269.348028571429,2049.7014033333335
2017-07-05,476.35400000000004,2733.950600000001,2041.0168566666664
2017-07-06,380.37800000000004,2553.303742857144,1885.0840566666668
2017-07-07,1620.25,2138.769285714286,1934.5688566666665
2017-07-08,1980.2640000000001,1747.096000000001,1902.1764566666666
2017-07-09,1671.214,1894.436571428572,1948.56979
2017-07-10,359.21399999999994,1921.5825714285722,1944.17319
2017-07-11,1728.892,1173.7951428571437,2000.7579233333336
2017-07-12,3.816,1106.289714285715,1926.6505233333335
2017-07-13,504.542,1124.0274285714293,1912.1641566666667
2017-07-14,3598.9339999999997,1406.6965714285723,1948.3505233333333
2017-07-15,2132.229,1428.4058571428577,1966.7283566666665
2017-07-16,316.636,1234.8947142857148,1921.2839566666667
2017-07-17,2191.873,1496.7031428571438,1955.8124566666668
2017-07-18,2106.794,1550.6891428571435,1890.7885899999999
2017-07-20,2283.208,1876.316571428572,1876.0890566666667
2017-07-21,3685.944,2330.8025714285723,1869.06479
2017-07-22,556.3140000000001,1896.1425714285722,1853.2367399999998
2017-07-23,898.188,1719.8510000000006,1812.6449733333332
2017-07-24,2399.96,2017.4687142857151,1858.3693733333334
2017-07-25,798.742,1818.450000000001,1865.1389066666666
2017-07-26,2012.3020000000001,1804.9511428571439,1912.9150066666666
2017-07-27,1142.68,1642.0185714285724,1908.0838733333333
2017-07-28,1170.5639999999999,1282.6785714285722,1896.8242733333332
2017-07-29,1391.294,1401.9614285714292,1802.3962066666668
2017-07-30,523.376,1348.416857142858,1765.0118733333331
2017-07-31,1558.028,1228.140857142858,1666.2131000000002
2017-08-01,2085.65,1411.984857142858,1578.3355333333334
2017-08-03,531.348,1200.4200000000008,1574.7194666666667
2017-08-04,20.07,1040.0471428571434,1569.7487333333333
2017-08-05,503.676,944.7774285714294,1354.4244666666668
2017-08-06,1424.026,949.4534285714293,1386.0135333333335
2017-08-07,3479.624,1371.7745714285722,1489.3217333333334
2017-08-10,1823.0700000000002,1409.637714285715,1496.0824
2017-08-11,708.726,1212.9342857142863,1453.6977999999997
2017-08-12,3693.084,1664.6108571428579,1521.0934666666667
2017-08-13,2643.164,2039.3385714285723,1597.2251333333331
2017-08-14,440.736,2030.3471428571436,1554.2866
2017-08-15,1949.872,2105.468000000001,1619.1551333333332
2017-08-16,80.564,1619.8880000000008,1605.0225333333333
2017-08-17,9517.287999999999,2719.062000000001,1802.301
2017-08-18,7078.4839999999995,3629.0274285714295,1967.1761666666669
2017-08-19,512.446,3174.6505714285727,1973.7031666666664
2017-08-20,692.95,2896.0485714285724,1923.7390666666665
2017-08-21,8551.054,4054.665428571429,2138.5477333333333
2017-08-22,524.54,3851.046571428572,2079.9254666666666
2017-08-23,4590.344,4495.300857142857,2110.072133333333
2017-08-24,685.0560000000002,3233.55342857143,2114.3635333333336
2017-08-25,361.988,2274.054000000001,2096.4901999999997
2017-08-26,190.66,2228.084571428572,2022.8468666666668
2017-08-27,6190.538,3013.4542857142865,2202.5734
2017-08-28,1443.6319999999998,1998.1082857142865,2183.6177333333335
2017-08-29,235.46800000000002,1956.8122857142862,2153.3773333333334
2017-08-31,3162.83,1752.881714285715,2219.7862
2017-09-01,1261.81,1835.2751428571432,2215.4700666666668
2017-09-02,9354.854,3119.970285714286,2509.852666666666
2017-09-03,1595.849,3320.711571428572,2511.1133666666665
2017-09-04,5360.202,3202.0921428571432,2620.2650999999996
2017-09-05,327.044,3042.579571428572,2613.454966666666
2017-09-07,3848.565,3558.7362857142866,2741.0714666666668
2017-09-08,2184.327,3418.950142857143,2797.0931666666665
2017-09-09,4356.061,3860.986000000001,2894.8276666666666
2017-09-10,2506.646,2882.670571428572,2862.3950666666665
2017-09-11,5564.006,3449.5501428571442,2987.0929333333333
2017-09-12,491.54999999999995,2754.0284285714297,2979.853733333333
2017-09-13,15.92,2709.5821428571435,2857.2816
2017-09-14,4367.347,2783.693857142858,2914.7543666666666
2017-09-15,7285.026,3512.3651428571434,3142.8973666666666
2017-09-16,849.65,3011.4492857142864,3106.2232999999997
2017-09-17,4979.226,3364.6750000000006,3269.5120333333334
2017-09-18,1511.93,2785.8070000000007,3002.6667666666667
2017-09-19,1648.188,2951.0410000000006,2821.6569
2017-09-20,7359.918,4000.183571428572,3049.9059666666662
2017-09-21,338.172,3424.5871428571436,3038.080033333333
2017-09-22,7871.213,3508.3281428571436,3015.4186666666665
2017-09-23,2395.786,3729.204714285715,3077.793533333333
2017-09-24,6450.4619999999995,3939.381285714286,3139.7974666666664
2017-09-25,1412.213,3925.1360000000013,3164.0360333333333
2017-09-26,1486.576,3902.048571428572,3201.5222999999996
2017-09-28,559.271,2930.527571428572,3213.809333333333
2017-09-29,1944.08,3159.9430000000007,3072.2607333333335
2017-09-30,540.76,2112.735428571429,3042.165
2017-10-01,2978.466,2195.9754285714293,3133.5982666666664
2017-10-02,5418.022,2048.484000000001,3208.771333333333
2017-10-03,2504.48,2204.5221428571435,3250.1936666666666
2017-10-04,19.98,1995.0084285714292,2939.0312
2017-10-05,6684.616,2870.057714285715,3108.656766666667
2017-10-06,1499.652,2806.568,2979.9717666666666
2017-10-07,2749.21,3122.060857142858,3060.7106333333336
2017-10-08,608.356,2783.4737142857152,2952.703666666667
2017-10-09,1496.589,2223.2690000000007,2929.7790666666665
2017-10-10,239.358,1899.6801428571437,2792.555633333333
2017-10-12,5635.354,2701.876428571429,2896.8459000000003
2017-10-13,8405.802,2947.7601428571434,2991.5724333333337
2017-10-14,134.332,2752.714428571429,2979.6651666666667
2017-10-15,1017.94,2505.3901428571435,3013.0658333333336
2017-10-16,3473.5969999999998,2914.7102857142863,2983.2741666666666
2017-10-17,126.352,2718.9621428571436,2744.6517
2017-10-19,2781.8702000000003,3082.178171428572,2809.05904
2017-10-20,1333.858,2467.678742857144,2687.5467733333335
2017-10-21,4537.201,1915.021457142858,2788.38914
2017-10-22,15158.877,4061.3850285714293,3238.74544
2017-10-23,3352.3940000000002,4394.878457142858,3105.161306666667
2017-10-24,529.0849999999999,3974.2338857142863,3111.5250733333332
2017-10-26,999.868,4099.021885714287,2882.4802399999994
2017-10-27,1086.32,3856.8004285714296,2838.8313733333334
2017-10-28,408.726,3724.638714285715,2637.4401733333334
2017-10-29,46.96,3083.1757142857145,2591.93174
2017-10-30,4025.7299999999996,1492.7261428571437,2676.5702066666663
2017-10-31,523.928,1088.659571428572,2675.3921066666667
2017-11-01,2921.43,1430.4231428571436,2707.97044
2017-11-02,6294.386,2186.7828571428577,2899.7579733333337
2017-11-03,4536.937,2679.7281428571437,2951.7070066666665
2017-11-04,10668.096,4145.352428571429,3126.7094733333333
2017-11-05,2355.064,4475.081571428572,3121.72894
2017-11-06,4288.75,4512.655857142859,3264.0212733333333
2017-11-07,2413.378,4782.5772857142865,3121.6466733333336
2017-11-08,384.1,4420.101571428572,3084.4616066666667
2017-11-09,4751.492,4199.688142857144,3151.20434
2017-11-10,4007.5480000000002,4124.061142857144,3264.5107399999997
2017-11-11,1815.2179999999998,2859.364285714287,3275.131706666667
2017-11-12,2911.386,2938.838857142858,3364.199306666667
2017-11-13,6633.4202000000005,3273.791742857144,3397.4681800000003
2017-11-14,834.6579999999999,3048.260314285715,3145.0967133333334
2017-11-15,559.2,3073.274600000001,3159.25898
2017-11-16,4755.234,3073.8091714285724,3283.8354466666665
2017-11-17,13694.8828,4457.714142857144,3624.544973333333
2017-11-18,1469.756,4408.3624285714295,3669.3251066666667
2017-11-19,7397.272,5049.203285714287,3823.1718333333333
2017-11-20,2988.274,4528.468114285715,3878.319033333333
2017-11-21,2236.1839999999997,4728.686114285715,3801.6184666666663
2017-11-22,35.712,4653.9021142857155,3297.5129666666667
2017-11-23,1153.109,4139.312828571429,3224.2034666666664
2017-11-24,4959.641,2891.421142857144,3371.8886666666663
2017-11-25,3666.157,3205.1927142857153,3460.764966666667
2017-11-26,5048.1720000000005,2869.607000000001,3592.8266999999996
2017-11-27,1618.254,2673.889857142858,3633.1443
2017-11-28,6912.944,3341.99842857143,3862.0104333333334
2017-11-29,491.888,3407.1664285714296,3744.2157
2017-11-30,6645.282,4191.762571428573,3948.2608333333333
2017-12-01,5331.178,4244.839285714287,4028.585766666666
2017-12-02,9951.182,5142.700000000002,4150.478966666667
2017-12-03,1403.842,4622.08142857143,4046.0424666666668
2017-12-04,2639.638,4767.993428571429,3778.4272
2017-12-05,1453.136,3988.0208571428584,3748.3629333333333
2017-12-06,10.68,3919.2768571428583,3605.7606
2017-12-07,2916.514,3386.5957142857155,3622.5317999999997
2017-12-08,7643.041,3716.8618571428583,3864.4965
2017-12-09,5470.39,3076.748714285716,3888.459766666667
2017-12-10,3873.5589999999997,3429.5654285714295,3883.993466666667
2017-12-11,2823.965,3455.8978571428584,3917.6183666666666
2017-12-13,580.936,3331.297857142858,3839.9366999999997
2017-12-14,3897.714,3886.58842857143,3748.7464933333335
2017-12-15,306.88800000000003,3513.784714285715,3731.1541599999996
2017-12-16,858.702,2544.5934285714293,3741.13756
2017-12-17,2027.758,2052.788857142858,3650.2216933333334
2017-12-18,3645.911,2020.2677142857153,3315.2559666666666
2017-12-19,1895.926,1887.690714285715,3329.4616333333333
2017-12-20,377.736,1858.6621428571439,3095.4771000000005
2017-12-21,2140.94,1607.6944285714296,3067.232633333333
2017-12-22,7442.021,2626.999142857144,3240.7605333333336
2017-12-23,1926.776,2779.581142857144,3303.7960000000003
2017-12-24,6233.054,3380.3377142857157,3473.1275000000005
2017-12-25,2698.927,3245.054285714287,3397.7703666666666
2017-12-26,814.5939999999999,3090.5782857142867,3302.7182666666663
2017-12-27,177.636,3061.9925714285723,3140.3670666666667
2017-12-28,1657.3508000000002,2992.908400000001,3141.6702933333336
2017-12-29,2915.534,2346.267400000001,3008.4232933333333
2017-12-30,713.7900000000001,2172.983685714287,3015.8200266666668
